INSERT INTO user(id, username, email, password, status, certify_status, created_at, updated_at)
VALUES (1, 'user1', 'user1@test.com', 'abcd1234..', 'ACTIVE', 'AUTHENTICATED', '2024-08-23 12:00:00',
        '2024-08-23 12:00:00'),
       (2, 'user2', 'user2@test.com', 'abcd1234..', 'BLOCKED', 'AUTHENTICATED', '2024-08-23 12:00:00',
        '2024-08-23 12:00:00'),
       (3, 'user3', 'user3@test.com', 'abcd1234..', 'WITHDRAW', 'AUTHENTICATED', '2024-08-23 12:00:00',
        '2024-08-23 12:00:00'),
       (4, 'user4', 'user4@test.com', 'abcd1234..', 'ACTIVE', 'UNAUTHENTICATED', '2024-08-23 12:00:00',
        '2024-08-23 12:00:00');

INSERT INTO post(id, user_id, title, content, type, view_cnt, like_cnt, share_cnt, created_at, updated_at)
VALUES (1, 1, '오늘의 OOTD', '날씨가 너무 더워서 얇게 입었어요', 'INSTAGRAM', 7, 10, 1, '2024-08-23 12:00:00', '2024-08-23 12:00:00'),
       (2, 2, '공구알림', '이번 제품 너무 좋구여 어쩌구 저쩌구', 'THREADS', 60, 20, 15, '2024-08-23 13:00:00', '2024-08-23 13:00:00'),
       (3, 3, '뮤지컬 티켓팅 일정', '8월 마지막 주 티켓오픈 일정입니다. ', 'TWITTER', 30, 10, 3, '2024-08-23 13:10:00',
        '2024-08-23 13:10:00'),
       (4, 1, '백엔드 인턴십', '실무에서는 어떤 일을 하는 지 알려드립니다.', 'INSTAGRAM', 200, 40, 20, '2024-08-24 12:00:00',
        '2024-08-24 12:00:00'),
       (5, 2, '맛집추천', '성수 맛집 추천 리스트 공유합니다. 댓글에 ...', 'INSTAGRAM', 4, 20, 13, '2024-08-25 12:00:00',
        '2024-08-25 12:00:00'),
       (6, 3, '이번주 더현대', '더현대 팝업일정 알려드려요. 고디바 베이커리가 ...', 'FACEBOOK', 183, 42, 25, '2024-08-23 12:00:00',
        '2024-08-23 12:00:00'),
       (7, 1, '건대 놀거리 추천', '건대에서 이거 안하면 후회하는 3가지...', 'FACEBOOK', 39, 10, 6, '2024-08-23 12:00:00',
        '2024-08-23 12:00:00'),
       (8, 2, '아이패드', '드디어 아패병 치료했어요', 'THREADS', 89, 75, 102, '2024-08-23 12:00:00', '2024-08-23 12:00:00'),
       (9, 3, '성수동 신상카페', '가오픈한 신상 카페 다녀왔어요.', 'FACEBOOK', 10, 5, 1, '2024-08-23 12:00:00', '2024-08-23 12:00:00'),
       (10, 1, '망원동 맛집', '인생 피자 먹고 옴', 'TWITTER', 32, 10, 13, '2024-08-23 12:00:00', '2024-08-23 12:00:00');

INSERT INTO hashtag(id, content)
VALUES (1, 'OOTD'),
       (2, '공구알림'),
       (3, '뮤지컬'),
       (4, '백엔드'),
       (5, '인턴십'),
       (6, '맛집추천'),
       (7, '성수동'),
       (8, '더현대'),
       (9, '놀거리추천'),
       (10, '아이패드');

INSERT INTO post_hashtag(id, post_id, hashtag_id)
VALUES (1, 1, 1),
       (2, 2, 1),
       (3, 3, 1),
       (4, 4, 1),
       (5, 5, 1),
       (6, 5, 6),
       (7, 7, 9),
       (8, 6, 8),
       (9, 9, 7),
       (10, 8, 10);

INSERT INTO post_share(id, user_id, post_id, created_at)
VALUES (1, 1, 1, '2024-08-23 12:00:00'),
       (2, 2, 2, '2024-08-24 13:00:00'),
       (3, 3, 3, '2024-08-24 13:10:00'),
       (4, 1, 1, '2024-08-24 14:00:00'),
       (5, 2, 2, '2024-08-25 15:00:00');

INSERT INTO post_like(id, user_id, post_id, created_at)
VALUES (1, 1, 1, '2024-08-23 12:00:00'),
       (2, 2, 2, '2024-08-23 13:00:00'),
       (3, 3, 3, '2024-08-23 13:10:00'),
       (4, 1, 1, '2024-08-24 14:00:00'),
       (5, 2, 2, '2024-08-25 15:00:00');

INSERT INTO post_view(id, user_id, post_id, created_at)
VALUES (1, 1, 1, '2024-08-23 12:00:00'),
       (2, 2, 2, '2024-08-23 13:00:00'),
       (3, 3, 3, '2024-08-23 13:10:00'),
       (4, 1, 1, '2024-08-24 14:00:00'),
       (5, 2, 2, '2024-08-25 15:00:00');

